timestamp,headline,source
2025-10-20 17:12:55+00:00,Apple Stock Hits All-Time High Amid Surging iPhone 17 Sales,iPhone in Canada
2025-10-20 15:56:18+00:00,New Apple iPhones Are Flying Off the Shelves in China. Does That Make AAPL Stock a Buy Today?,Biztoc.com
2025-10-20 15:42:55+00:00,Apple’s stock hits new all-time high with iPhone 17 sales surging,9to5Mac
2025-10-20 15:34:24+00:00,"GM Q3 earnings preview: Tariff exposure, EV business on investor agenda",Yahoo Entertainment
2025-10-20 15:31:40+00:00,"Apple stock hits all-time high, as iPhone 17 sales outpace iPhone 16 in US and China",Yahoo Entertainment
2025-10-20 13:55:05+00:00,AI Has Destroyed Apple’s Future,Biztoc.com
2025-10-20 13:32:35+00:00,Elon Musk threatens to leave Tesla (TSLA) if he doesn’t get his ridiculous pay,Electrek
2025-10-20 13:31:38+00:00,"Stock market today: Dow, S&P 500, Nasdaq jump amid trade-war lull, with flurry of earnings on deck",Yahoo Entertainment
2025-10-20 13:31:38+00:00,"Stock market today: Dow, S&P 500, Nasdaq rise amid trade-war lull, with flurry of earnings on deck",Yahoo Entertainment
2025-10-20 13:29:13+00:00,Tesla and Netflix Will Anchor Busy Week,Forbes
2025-10-20 13:12:30+00:00,"Loop Capital sees 25% upside on iPhone demand, Apple stock nears all-time record high",Macdailynews.com
2025-10-20 12:31:05+00:00,Stocks Poised For More Gains As Shutdown Continues,Forbes
2025-10-20 12:26:38+00:00,"Earnings live: Tesla, Netflix, General Motors, Ford, and P&G to headline third quarter earnings calendar this week",Biztoc.com
2025-10-20 12:22:38+00:00,"Earnings live: Tesla, Netflix, General Motors, Ford, and P&G to headline third quarter earnings calendar this week",Yahoo Entertainment
2025-10-20 12:21:21+00:00,5 Things to Know Before the Stock Market Opens,Investopedia
2025-10-20 12:04:09+00:00,"Retail Investors' Top Stocks With Earnings This Week: Tesla, Netflix, Intel and More",Biztoc.com
2025-10-20 09:01:33+00:00,"Cathie Wood Says Elon Musk's New Tesla Pay Package Will 'Win Decisively' Despite Opposition: 'Sad, If Not Damning…'",Biztoc.com
2025-10-20 08:00:00+00:00,Crypto Traders Eye Major Events to Relieve Market Woes: Crypto Week Ahead,CoinDesk
2025-10-20 07:31:16+00:00,Tesla Q3 Expectations In Perspective (Downgrade To Strong Sell),Biztoc.com
2025-10-20 06:06:06+00:00,PULWTOP、HDMIとDisplayPortを備えトリプルディスプレイ出力が可能なMac mini用ドック「Mac Mini M4/M4 Pro 2024用 9-in-1 USB-Cドック」を発売。,Applech2.com
2025-10-20 06:02:04+00:00,Sees Strongest iPhone Growth Since the Pandemic,Biztoc.com
2025-10-20 03:48:47+00:00,"Dan Ives Says Robotaxi Rollout Across US, xAI Investment And Elon Musk's Pay Packet Will Be 'Major Focus' Of Tesla Earnings Call",Biztoc.com
2025-10-20 01:16:10+00:00,"Stock market today: Dow, S&P 500, Nasdaq futures steady with government shutdown, earnings season in focus",Yahoo Entertainment
2025-10-19 23:32:44+00:00,"MacBook Pro (14インチ, M5)に搭載される「Apple M5」チップのMetal GPUベンチマークのスコアはM2/M3 Proに迫り、BlenderベンチマークではM1 Ultraに迫るもよう。",Applech2.com
2025-10-19 21:08:49+00:00,"Dow Jones Futures Due For Choppy Market; Tesla Earnings, China Trade Talks, CPI Inflation Ahead",Biztoc.com
2025-10-19 20:37:24+00:00,"Tesla (TSLA) Stock in Focus as Barclays Lifts Price Target to $350, Citing Tariff Advantage",Yahoo Entertainment
2025-10-19 18:12:56+00:00,pandas-ti added to PyPI,Pypi.org
2025-10-19 18:10:40+00:00,edgarcli added to PyPI,Pypi.org
2025-10-19 17:00:02+00:00,"China Talk, Tesla Earnings and Other Can't Miss Items this Week",Barchart.com
2025-10-19 11:33:58+00:00,"Tesla, Netflix set to report earnings as US-China trade fight turns 'unsustainable': What to watch this week",Yahoo Entertainment
2025-10-19 11:00:00+00:00,S&P 500 Earnings Surge: Magnificent 7 Lead As Recession Odds Plunge,Forbes
2025-10-19 09:00:00+00:00,"What to Expect in Markets This Week: CPI Inflation Data; Tesla, Netflix, Intel Earnings",Investopedia
2025-10-19 05:10:58+00:00,"Anker Japan、Anker史上最薄の厚さ約8.6mmでQi2ワイヤレス充電に対応したモバイルバッテリー「Anker Nano Power Bank (5000mAh, MagGo, Slim)」にホワイトモデルを追加。",Applech2.com
2025-10-18 22:21:56+00:00,Exane BNP Paribas Starts Tesla (TSLA) at Underperform With $307 Price Target,Biztoc.com
2025-10-18 22:06:49+00:00,Exane BNP Paribas Starts Tesla (TSLA) at Underperform With $307 Price Target,Yahoo Entertainment
2025-10-18 16:05:35+00:00,Big Tech's AI ambitions are remaking the US power grid. Consumers are paying the price.,Yahoo Entertainment
2025-10-18 15:11:00+00:00,Ready To Retire? These 8%+ CEFs Show The Way,Forbes
2025-10-18 14:00:00+00:00,Elon Musk’s $1 trillion stock award gets more ridiculous the more you look at it,Electrek
2025-10-18 13:05:12+00:00,Apple announces five-year partnership as U.S. broadcast partner for Formula 1,Yahoo Entertainment
2025-10-18 12:58:51+00:00,The Weekend: IMF warns of global debt emergency as Reeves grapples with slowing jobs market,Yahoo Entertainment
2025-10-18 12:50:53+00:00,"Gold surpasses 'magnificent seven stocks': Is Yellow metal now more precious than Apple, Microsoft, Alphabet, Amazon, Meta Platforms, Nvidia, Tesla?",The Times of India
2025-10-18 10:01:23+00:00,‘Tech Rally into Year-End’: Daniel Ives Says Momentum Is Building for 3 Tech Stock Giants — Including TSLA,Yahoo Entertainment
2025-10-18 05:56:45+00:00,Evercore ISI Maintains Bullish Outlook for Apple Inc. (AAPL) in Latest Update,Yahoo Entertainment
2025-10-18 01:28:44+00:00,8BitDo Pro 3/Ultimate 2 Bluetoothコントローラーがファームウェア2.00アップデートにより、コントローラーを振るだけで「Nintendo Switch 2」をスリープから復帰させるShake-to-Wakeに対応。,Applech2.com
2025-10-18 00:22:05+00:00,Tesla urges investors to ignore trillion dollar warning from influential firm,Biztoc.com
2025-10-17 23:45:19+00:00,Cindori、macOS 26 TahoeやLiquid Glassデザイン、2025年製Macをサポートしたシステムモニタアプリ「Sensei v2.0」をリリース。,Applech2.com
2025-10-17 20:33:13+00:00,Stocks Settle Higher as Bank Worries and Trade Tensions Recede,Barchart.com
2025-10-17 20:05:00+00:00,"How to build a $2,000 monthly passive income stream",Motley Fool Australia
2025-10-17 18:20:20+00:00,"Stock market today: Dow, S&P 500, Nasdaq rise as Trump tamps down China threats amid regional bank jitters",Yahoo Entertainment
2025-10-17 18:20:20+00:00,"Stock market today: Dow, S&P 500, Nasdaq notch weekly wins after volatile week as Trump signals China talks back on track",Yahoo Entertainment
2025-10-17 16:47:21+00:00,"Dear Tesla Stock Fans, Mark Your Calendars for October 22",Barchart.com
2025-10-17 16:22:49+00:00,Cathie Wood Is Betting on This Little-Known AI Robotaxi Stock. Should You?,Barchart.com
2025-10-17 15:40:10+00:00,$1000 Invested In Tesla 15 Years Ago Would Be Worth This Much Today,Biztoc.com
2025-10-17 15:29:59+00:00,"Tesla, Stock Of The Day, Teases Early Buy Point. Beware These Big Risks",Biztoc.com
2025-10-17 14:45:56+00:00,"Tesla Stock Holds Near Highs Ahead Of Q3 Results; Netflix, Intel, IBM Also Due",Biztoc.com
2025-10-17 14:00:33+00:00,3 Timely Drivers That Could Power Apple (NASDAQ: AAPL) Stock’s Breakout,Biztoc.com
2025-10-17 13:57:24+00:00,Analyst Says Tesla (TSLA) Valuation Makes ‘Zero Sense’ Amid ‘Atrophying’ Fundamentals – ‘What Do You Own Here?’,Yahoo Entertainment
2025-10-17 13:39:44+00:00,tvdatafeed-enhanced added to PyPI,Pypi.org
2025-10-17 13:30:07+00:00,Bully For Investment Banks!,Dailyreckoning.com
2025-10-17 10:18:34+00:00,S&P Futures Trim Losses as Trump Eases Trade Concerns,Barchart.com
2025-10-17 10:00:18+00:00,"AI can't justify its massive buildout — but doesn't have to, yet",Yahoo Entertainment
2025-10-17 09:00:00+00:00,Apple's Newest Products Are Here. Can They Help Move the Tech Stock Higher?,Investopedia
2025-10-17 05:54:34+00:00,"'Non-Productive' Gold Zooms to $30T Market Cap, Leaving Bitcoin, Nvidia, Apple, Google Far Behind",CoinDesk
2025-10-17 01:58:28+00:00,Elon Musk’s $56B Tesla (TSLA) Pay Lawsuit Enters Final Stage in Delaware Court,Biztoc.com
2025-10-16 22:03:45+00:00,quantlabs added to PyPI,Pypi.org
2025-10-16 20:04:00+00:00,"Stock market today: Dow drops 300 points, S&P 500, Nasdaq slide as regional bank woes hit markets",Yahoo Entertainment
2025-10-16 18:54:55+00:00,Bank of America Warns Intel Stock Could Fall from Here. Should You Sell INTC Now or Keep Chasing New Highs?,Barchart.com
2025-10-16 17:41:52+00:00,Qualcomm vs. Supermicro Stock: Which Will Be the Next AI Winner?,Barchart.com
2025-10-16 16:40:48+00:00,Jack Dorsey drops one-word response to Elon Musk's latest Bitcoin endorsement,TheStreet
2025-10-16 16:04:50+00:00,"With Nearly 500K Deliveries, Is Tesla Stock a Buy Before Q3 Earnings?",Barchart.com
2025-10-16 15:17:07+00:00,Indexes Turn Red as Stocks Give Up Morning Gains,Barchart.com
2025-10-16 15:16:19+00:00,"TSMC Breaks Records on AI Chip Orders from Nvidia, Apple",Yahoo Entertainment
2025-10-16 15:06:25+00:00,AMZN Stock vs. MSFT Stock,Forbes
2025-10-16 14:00:10+00:00,Apple loses yet another AI exec as head of ChatGPT-like search effort departs for Meta,Macdailynews.com
2025-10-16 13:39:23+00:00,Chip stocks rise after TSMC's rosy outlook on strong AI demand,Yahoo Entertainment
2025-10-16 13:34:58+00:00,"Stock market today: Dow, S&P 500, Nasdaq waver amid TSMC's stellar earnings, trade-war jitters",Yahoo Entertainment
2025-10-16 13:34:58+00:00,"Stock market today: Dow, S&P 500, Nasdaq rise as TSMC's stellar earnings eclipse trade-war jitters",Yahoo Entertainment
2025-10-16 13:17:22+00:00,"Anker Japan、巻取り式USB-Cケーブルを内蔵したモバイルバッテリー「Anker Nano Power Bank (10000mAh,45W,巻取り式USB-Cケーブル)」のホワイトとミントブルーモデルを発売。",Applech2.com
2025-10-16 13:11:34+00:00,Microsoft's latest Windows 11 update puts AI at the center of your PC,Yahoo Entertainment
2025-10-16 13:11:34+00:00,Microsoft's latest operating system aims to make all Windows 11 machines AI PCs,Yahoo Entertainment
2025-10-16 13:01:33+00:00,Buy Or Sell Apple Stock?,Forbes
2025-10-16 12:55:46+00:00,Analyst Says Apple (AAPL) Foldable Phone Won’t ‘Move The Needle’,Yahoo Entertainment
2025-10-16 12:10:48+00:00,キヤノンITS、macOS 26 Tahoeに対応した法人向けサーバー・クライアント向け「ESET Endpoint Security for macOS V9.0」を公開。,Applech2.com
2025-10-16 11:55:06+00:00,AgileBits、macOS 26 Tahoeでパフォーマンス問題を引き起こすElectronをアップデートした「1Password for Mac v8.11.14」をリリース。,Applech2.com
2025-10-16 11:50:13+00:00,"Earnings live: TSMC profit surges amid 'strong' AI demand, Charles Schwab stock rises, United slips premarket",Yahoo Entertainment
2025-10-16 11:13:39+00:00,"US stock futures: Dow gains 200 points, S&P and Nasdaq rally on AI, Tech earnings — but Trump confirms US-China trade war underway, risks on the radar — here’s top stock movers",The Times of India
2025-10-16 07:52:01+00:00,Billionaire Paul Tudor Jones Thinks Massive Rally is Coming Ahead of Potential Downturn – Here’s His Top AI Pick,Yahoo Entertainment
2025-10-16 03:40:13+00:00,"Anker Japan、DisplayLinkチップを採用し8Kと4K60Hz x2のトリプルディスプレイ出力が可能な「Anker Prime ドッキングステーション (14-in-1, Triple Display, DisplayLink)」を発売。",Applech2.com
2025-10-15 23:26:57+00:00,"Stock market today: Dow, S&P 500, Nasdaq futures rise as TSMC's stellar earnings eclipse trade-war jitters",Yahoo Entertainment
2025-10-15 23:20:44+00:00,"New M5 Chip Comes to iPad Pro, MacBook Pro 14″, & Apple Vision Pro",Osxdaily.com
2025-10-15 22:48:11+00:00,Apple CEO sends signal on crucial China moment,Biztoc.com
2025-10-15 17:57:36+00:00,Wedbush Sees an AI M&A Boom Ahead: 3 Prime Takeover Targets,Barchart.com
2025-10-15 17:26:38+00:00,"Apple iPhone 17 Pro, Pro Max Ship Times Stay Stable Globally: Analyst",Biztoc.com
2025-10-15 16:52:06+00:00,"These Bitcoin, Ethereum and XRP ETFs Plan to Offer 5X Leverage",Decrypt
2025-10-15 16:20:43+00:00,"Melius Initiates Tesla (TSLA) With Buy and $520 Target, Calls It a “Must Own” AI Stock",Biztoc.com
2025-10-15 16:08:36+00:00,Tesla’s China Shipments Are on the Rise. Should You Buy TSLA Stock Here?,Biztoc.com
2025-10-15 16:01:44+00:00,"Melius Initiates Tesla (TSLA) With Buy and $520 Target, Calls It a “Must Own” AI Stock",Yahoo Entertainment
2025-10-15 15:57:59+00:00,"Apple Unveils New M5 Chip Boosting AI, Graphics, Performance Across MacBook Pro, iPad Pro, Vision Pro",Biztoc.com
2025-10-15 15:56:46+00:00,Tesla’s China Shipments Are on the Rise. Should You Buy TSLA Stock Here?,Barchart.com
2025-10-15 15:56:45+00:00,Apple (AAPL) Stock Faces “More Downside Than Upside” as Jefferies Flags Tariff Concerns,Yahoo Entertainment
